,STMD_R,STMD_L,LPTC_R,LPTC_L,LPTC_HR
0,0.0,0.0,0.0,0.0,0.02
1,0.0,0.0,0.0,0.0,0.02
2,0.0,0.0,0.0,0.0,0.02
3,0.0,0.0,0.0,0.0,0.02
4,0.0,0.0,0.0,0.0,0.02
5,0.0,0.0,0.0,0.0,0.02
6,0.0,0.0,0.0,0.0,0.02
7,0.0,0.0,0.0,0.0,0.02
8,0.0,0.0,0.0,0.0,0.02
9,0.0,0.0,0.0,0.0,0.02
10,0.0,0.0,0.0,0.0,0.02
11,0.0,0.0,0.0,0.0,0.02
12,0.0,0.0,0.0,0.0,0.02
13,0.0,0.0,0.0,0.0,0.02
14,0.0,0.0,0.0,0.0,0.02
15,0.0,0.0,0.0,0.0,0.02
16,0.0,0.0,0.0,0.0,0.02
17,0.0,0.0,0.0,0.0,0.02
18,0.0,0.0,0.0,0.0,0.02
19,0.0,0.0,0.0,0.0,0.02
20,0.0,0.0,0.0,0.0,0.02
21,0.0,0.0,0.0,0.0,0.02
22,0.0,0.0,0.0,0.0,0.02
23,0.0,0.0,0.0,0.0,0.02
24,0.0,0.0,0.0,0.0,0.02
25,0.0,0.0,0.0,0.0,0.02
26,0.0,0.0,0.0,0.0,0.02
27,0.0,0.0,0.0,0.0,0.02
28,0.0,0.0,0.0,0.0,0.02
29,0.0,0.0,0.0,0.0,0.02
30,0.0,0.0,0.0,0.0,0.02
31,0.0,0.0,0.0,0.0,0.02
32,0.0,0.0,0.0,0.0,0.02
33,0.0,0.0,0.0,0.0,0.02
34,0.0,0.0,0.0,0.0,0.02
35,0.0,0.0,0.0,0.0,0.02
36,0.0,0.0,0.0,0.0,0.02
37,0.0,0.0,0.0,0.0,0.02
38,0.0,0.0,0.0,0.0,0.02
39,0.0,0.0,0.0,0.0,0.02
40,0.0,0.0,0.0,0.0,0.02
41,0.0,0.0,0.0,0.0,0.02
42,0.0,0.0,0.0,0.0,0.02
43,0.0,0.0,0.0,0.0,0.02
44,0.0,0.0,0.0,0.0,0.02
45,0.0,0.0,0.0,0.0,0.02
46,0.0,0.0,0.0,0.0,0.02
47,0.0,0.0,0.0,0.0,0.02
48,0.0,0.0,0.0,0.0,0.02
49,0.0,0.0,0.0,0.0,0.02
50,0.0,0.0,0.0,0.0,0.02
51,0.0,0.0,0.0,0.0,0.02
52,0.0,0.0,0.0,0.0,0.02
53,0.0,0.0,0.0,0.0,0.02
54,0.0,0.0,0.0,0.0,0.02
55,0.0,0.0,0.0,0.0,0.02
56,0.0,0.0,0.0,0.0,0.02
57,0.0,0.0,0.0,0.0,0.02
58,0.0,0.0,0.0,0.0,0.02
59,0.0,0.0,0.0,0.0,0.02
60,0.0,0.0,0.0,0.0,0.02
61,0.0,0.0,0.0,0.0,0.02
62,0.0,0.0,0.0,0.0,0.02
63,0.0,0.0,0.0,0.0,0.02
64,0.0,0.0,0.0,0.0,0.02
65,0.0,0.0,0.0,0.0,0.02
66,0.0,0.0,0.0,0.0,0.02
67,0.0,0.0,0.0,0.0,0.02
68,0.0,0.0,0.0,0.0,0.02
69,0.0,0.0,0.0,0.0,0.02
70,0.0,0.0,0.0,0.0,0.02
71,0.0,0.0,0.0,0.0,0.02
72,0.0,0.0,0.0,0.0,0.02
73,0.0,0.0,0.0,0.0,0.02
74,0.0,0.0,0.0,0.0,0.02
75,0.0,0.0,0.0,0.0,0.02
76,0.0,0.0,0.0,0.0,0.02
77,0.0,0.0,0.0,0.0,0.02
78,0.0,0.0,0.0,0.0,0.02
79,0.0,0.0,0.0,0.0,0.02
80,0.0,0.0,0.0,0.0,0.02
81,0.0,0.0,0.0,0.0,0.02
82,0.0,0.0,0.0,0.0,0.02
83,0.0,0.0,0.0,0.0,0.02
84,0.0,0.0,0.0,0.0,0.02
85,0.0,0.0,0.0,0.0,0.02
86,0.0,0.0,0.0,0.0,0.02
87,0.0,0.0,0.0,0.0,0.02
88,0.0,0.0,0.0,0.0,0.02
89,0.0,0.0,0.0,0.0,0.02
90,0.0,0.0,0.0,0.0,0.02
91,0.0,0.0,0.0,0.0,0.02
92,0.0,0.0,0.0,0.0,0.02
93,0.0,0.0,0.0,0.0,0.02
94,0.0,0.0,0.0,0.0,0.02
95,0.0,0.0,0.0,0.0,0.02
96,0.0,0.0,0.0,0.0,0.02
97,0.0,0.0,0.0,0.0,0.02
98,0.0,0.0,0.0,0.0,0.02
99,0.0,0.0,0.0,0.0,0.02
100,0.0,0.0,0.0,0.0,0.02
101,0.0,0.0,0.0,0.0,0.02
102,0.0,0.0,0.0,0.0,0.02
103,0.0,0.0,0.0,0.0,0.02
104,0.0,0.0,0.0,0.0,0.02
105,0.0,0.0,0.0,0.0,0.02
106,0.0,0.0,0.0,0.0,0.02
107,0.0,0.0,0.0,0.0,0.02
108,0.0,0.0,0.0,0.0,0.02
109,0.0,0.0,0.0,0.0,0.02
110,0.0,0.0,0.0,0.0,0.02
111,0.0,0.0,0.0,0.0,0.02
112,0.0,0.0,0.0,0.0,0.02
113,0.0,0.0,0.0,0.0,0.02
114,0.0,0.0,0.0,0.0,0.02
115,0.0,0.0,0.0,0.0,0.02
116,0.0,0.0,0.0,0.0,0.02
117,0.0,0.0,0.0,0.0,0.02
118,0.0,0.0,0.0,0.0,0.02
119,0.0,0.0,0.0,0.0,0.02
120,0.0,0.0,0.0,0.0,0.02
121,0.0,0.0,0.0,0.0,0.02
122,0.0,0.0,0.0,0.0,0.02
123,0.0,0.0,0.0,0.0,0.02
124,0.0,0.0,0.0,0.0,0.02
125,0.0,0.0,0.0,0.0,0.02
126,0.0,0.0,0.0,0.0,0.02
127,0.0,0.0,0.0,0.0,0.02
128,0.0,0.0,0.0,0.0,0.02
129,0.0,0.0,0.0,0.0,0.02
130,0.0,0.0,0.0,0.0,0.02
131,0.0,0.0,0.0,0.0,0.02
132,0.0,0.0,0.0,0.0,0.02
133,0.0,0.0,0.0,0.0,0.02
134,0.0,0.0,0.0,0.0,0.02
135,0.0,0.0,0.0,0.0,0.02
136,0.0,0.0,0.0,0.0,0.02
137,0.0,0.0,0.0,0.0,0.02
138,0.0,0.0,0.0,0.0,0.02
139,0.0,0.0,0.0,0.0,0.02
140,0.0,0.0,0.0,0.0,0.02
141,0.0,0.0,0.0,0.0,0.02
142,0.0,0.0,0.0,0.0,0.02
143,0.0,0.0,0.0,0.0,0.02
144,0.0,0.0,0.0,0.0,0.02
145,0.0,0.0,0.0,0.0,0.02
146,0.0,0.0,0.0,0.0,0.02
147,0.0,0.0,0.0,0.0,0.02
148,0.0,0.0,0.0,0.0,0.02
149,0.0,0.0,0.0,0.0,0.02
150,0.0,0.0,0.0,0.0,0.02
151,0.0,0.0,0.0,0.0,0.02
152,0.0,0.0,0.0,0.0,0.02
153,0.0,0.0,0.0,0.0,0.02
154,0.0,0.0,0.0,0.0,0.02
155,0.0,0.0,0.0,0.0,0.02
156,0.0,0.0,0.0,0.0,0.02
157,0.0,0.0,0.0,0.0,0.02
158,0.0,0.0,0.0,0.0,0.02
159,0.0,0.0,0.0,0.0,0.02
160,0.0,0.0,0.0,0.0,0.02
161,0.0,0.0,0.0,0.0,0.02
162,0.0,0.0,0.0,0.0,0.02
163,0.0,0.0,0.0,0.0,0.02
164,0.0,0.0,0.0,0.0,0.02
165,0.0,0.0,0.0,0.0,0.02
166,0.0,0.0,0.0,0.0,0.02
167,0.0,0.0,0.0,0.0,0.02
168,0.0,0.0,0.0,0.0,0.02
169,0.0,0.0,0.0,0.0,0.02
170,0.0,0.0,0.0,0.0,0.02
171,0.0,0.0,0.0,0.0,0.02
172,0.0,0.0,0.0,0.0,0.02
173,0.0,0.0,0.0,0.0,0.02
174,0.0,0.0,0.0,0.0,0.02
175,0.0,0.0,0.0,0.0,0.02
176,0.0,0.0,0.0,0.0,0.02
177,0.0,0.0,0.0,0.0,0.02
178,0.0,0.0,0.0,0.0,0.02
179,0.0,0.0,0.0,0.0,0.02
180,0.0,0.0,0.0,0.0,0.02
181,0.0,0.0,0.0,0.0,0.02
182,0.0,0.0,0.0,0.0,0.02
183,0.0,0.0,0.0,0.0,0.02
184,0.0,0.0,0.0,0.0,0.02
185,0.0,0.0,0.0,0.0,0.02
186,0.0,0.0,0.0,0.0,0.02
187,0.0,0.0,0.0,0.0,0.02
188,0.0,0.0,0.0,0.0,0.02
189,0.0,0.0,0.0,0.0,0.02
190,0.0,0.0,0.0,0.0,0.02
191,0.0,0.0,0.0,0.0,0.02
192,0.0,0.0,0.0,0.0,0.02
193,0.0,0.0,0.0,0.0,0.02
194,0.0,0.0,0.0,0.0,0.02
195,0.0,0.0,0.0,0.0,0.02
196,0.0,0.0,0.0,0.0,0.02
197,0.0,0.0,0.0,0.0,0.02
198,0.0,0.0,0.0,0.0,0.02
199,0.0,0.0,0.0,0.0,0.02
200,0.0,0.0,0.0,0.0,0.02
201,0.0,0.0,0.0,0.0,0.02
202,0.0,0.0,0.0,0.0,0.02
203,0.0,0.0,0.0,0.0,0.02
204,0.0,0.0,0.0,0.0,0.02
205,0.0,0.0,0.0,0.0,0.02
206,0.0,0.0,0.0,0.0,0.02
207,0.0,0.0,0.0,0.0,0.02
208,0.0,0.0,0.0,0.0,0.02
209,0.0,0.0,0.0,0.0,0.02
210,0.0,0.0,0.0,0.0,0.02
211,0.0,0.0,0.0,0.0,0.02
212,0.0,0.0,0.0,0.0,0.02
213,0.0,0.0,0.0,0.0,0.02
214,0.0,0.0,0.0,0.0,0.02
215,0.0,0.0,0.0,0.0,0.02
216,0.0,0.0,0.0,0.0,0.02
217,0.0,0.0,0.0,0.0,0.02
218,0.0,0.0,0.0,0.0,0.02
219,0.0,0.0,0.0,0.0,0.02
220,0.0,0.0,0.0,0.0,0.02
221,0.0,0.0,0.0,0.0,0.02
222,0.0,0.0,0.0,0.0,0.02
223,0.0,0.0,0.0,0.0,0.02
224,0.0,0.0,0.0,0.0,0.02
225,0.0,0.0,0.0,0.0,0.02
226,0.0,0.0,0.0,0.0,0.02
227,0.0,0.0,0.0,0.0,0.02
228,0.0,0.0,0.0,0.0,0.02
229,0.0,0.0,0.0,0.0,0.02
230,0.0,0.0,0.0,0.0,0.02
231,0.0,0.0,0.0,0.0,0.02
232,0.0,0.0,0.0,0.0,0.02
233,0.0,0.0,0.0,0.0,0.02
234,0.0,0.0,0.0,0.0,0.02
235,0.0,0.0,0.0,0.0,0.02
236,0.0,0.0,0.0,0.0,0.02
237,0.0,0.0,0.0,0.0,0.02
238,0.0,0.0,0.0,0.0,0.02
239,0.0,0.0,0.0,0.0,0.02
240,0.0,0.0,0.0,0.0,0.02
241,0.0,0.0,0.0,0.0,0.02
242,0.0,0.0,0.0,0.0,0.02
243,0.0,0.0,0.0,0.0,0.02
244,0.0,0.0,0.0,0.0,0.02
245,0.0,0.0,0.0,0.0,0.02
246,0.0,0.0,0.0,0.0,0.02
247,0.0,0.0,0.0,0.0,0.02
248,0.0,0.0,0.0,0.0,0.02
249,0.0,0.0,0.0,0.0,0.02
250,0.0,0.0,0.0,0.0,0.02
251,0.0,0.0,0.0,0.0,0.02
252,0.0,0.0,0.0,0.0,0.02
253,0.0,0.0,0.0,0.0,0.02
254,0.0,0.0,0.0,0.0,0.02
255,0.0,0.0,0.0,0.0,0.02
256,0.0,0.0,0.0,0.0,0.02
257,0.0,0.0,0.0,0.0,0.02
258,0.0,0.0,0.0,0.0,0.02
259,0.0,0.0,0.0,0.0,0.02
260,0.0,0.0,0.0,0.0,0.02
261,0.0,0.0,0.0,0.0,0.02
262,0.0,0.0,0.0,0.0,0.02
263,0.0,0.0,0.0,0.0,0.02
264,0.0,0.0,0.0,0.0,0.02
265,0.0,0.0,0.0,0.0,0.02
266,0.0,0.0,0.0,0.0,0.02
267,0.0,0.0,0.0,0.0,0.02
268,0.0,0.0,0.0,0.0,0.02
269,0.0,0.0,0.0,0.0,0.02
270,0.0,0.0,0.0,0.0,0.02
271,0.0,0.0,0.0,0.0,0.02
272,0.0,0.0,0.0,0.0,0.02
273,0.0,0.0,0.0,0.0,0.02
274,0.0,0.0,0.0,0.0,0.02
275,0.0,0.0,0.0,0.0,0.02
276,0.0,0.0,0.0,0.0,0.02
277,0.0,0.0,0.0,0.0,0.02
278,0.0,0.0,0.0,0.0,0.02
279,0.0,0.0,0.0,0.0,0.02
280,0.0,0.0,0.0,0.0,0.02
281,0.0,0.0,0.0,0.0,0.02
282,0.0,0.0,0.0,0.0,0.02
283,0.0,0.0,0.0,0.0,0.02
284,0.0,0.0,0.0,0.0,0.02
285,0.0,0.0,0.0,0.0,0.02
286,0.0,0.0,0.0,0.0,0.02
287,0.0,0.0,0.0,0.0,0.02
288,0.0,0.0,0.0,0.0,0.02
289,0.0,0.0,0.0,0.0,0.02
290,0.0,0.0,0.0,0.0,0.02
291,0.0,0.0,0.0,0.0,0.02
292,0.0,0.0,0.0,0.0,0.02
293,0.0,0.0,0.0,0.0,0.02
294,0.0,0.0,0.0,0.0,0.02
295,0.0,0.0,0.0,0.0,0.02
296,0.0,0.0,0.0,0.0,0.02
297,0.0,0.0,0.0,0.0,0.02
298,0.0,0.0,0.0,0.0,0.02
299,0.0,0.0,0.0,0.0,0.02
300,0.0,0.0,0.0,0.0,0.02
301,0.0,0.0,0.0,0.0,0.02
302,0.0,0.0,0.0,0.0,0.02
303,0.0,0.0,0.0,0.0,0.02
304,0.0,0.0,0.0,0.0,0.02
305,0.0,0.0,0.0,0.0,0.02
306,0.0,0.0,0.0,0.0,0.02
307,0.0,0.0,0.0,0.0,0.02
308,0.0,0.0,0.0,0.0,0.02
309,0.0,0.0,0.0,0.0,0.02
310,0.0,0.0,0.0,0.0,0.02
311,0.0,0.0,0.0,0.0,0.02
312,0.0,0.0,0.0,0.0,0.02
313,0.0,0.0,0.0,0.0,0.02
314,0.0,0.0,0.0,0.0,0.02
315,0.0,0.0,0.0,0.0,0.02
316,0.0,0.0,0.0,0.0,0.02
317,0.0,0.0,0.0,0.0,0.02
318,0.0,0.0,0.0,0.0,0.02
319,0.0,0.0,0.0,0.0,0.02
320,0.0,0.0,0.0,0.0,0.02
321,0.0,0.0,0.0,0.0,0.02
322,0.0,0.0,0.0,0.0,0.02
323,0.0,0.0,0.0,0.0,0.02
324,0.0,0.0,0.0,0.0,0.02
325,0.0,0.0,0.0,0.0,0.02
326,0.0,0.0,0.0,0.0,0.02
327,0.0,0.0,0.0,0.0,0.02
328,0.0,0.0,0.0,0.0,0.02
329,0.0,0.0,0.0,0.0,0.02
330,0.0,0.0,0.0,0.0,0.02
331,0.0,0.0,0.0,0.0,0.02
332,0.0,0.0,0.0,0.0,0.02
333,0.0,0.0,0.0,0.0,0.02
334,0.0,0.0,0.0,0.0,0.02
335,0.0,0.0,0.0,0.0,0.02
336,0.0,0.0,0.0,0.0,0.02
337,0.0,0.0,0.0,0.0,0.02
338,0.0,0.0,0.0,0.0,0.02
339,0.0,0.0,0.0,0.0,0.02
340,0.0,0.0,0.0,0.0,0.02
341,0.0,0.0,0.0,0.0,0.02
342,0.0,0.0,0.0,0.0,0.02
343,0.0,0.0,0.0,0.0,0.02
344,0.0,0.0,0.0,0.0,0.02
345,0.0,0.0,0.0,0.0,0.02
346,0.0,0.0,0.0,0.0,0.02
347,0.0,0.0,0.0,0.0,0.02
348,0.0,0.0,0.0,0.0,0.02
349,0.0,0.0,0.0,0.0,0.02
350,0.0,0.0,0.0,0.0,0.02
351,0.0,0.0,0.0,0.0,0.02
352,0.0,0.0,0.0,0.0,0.02
353,0.0,0.0,0.0,0.0,0.02
354,0.0,0.0,0.0,0.0,0.02
355,0.0,0.0,0.0,0.0,0.02
356,0.0,0.0,0.0,0.0,0.02
357,0.0,0.0,0.0,0.0,0.02
358,0.0,0.0,0.0,0.0,0.02
359,0.0,0.0,0.0,0.0,0.02
360,0.0,0.0,0.0,0.0,0.02
361,0.0,0.0,0.0,0.0,0.02
362,0.0,0.0,0.0,0.0,0.02
363,0.0,0.0,0.0,0.0,0.02
364,0.0,0.0,0.0,0.0,0.02
365,0.0,0.0,0.0,0.0,0.02
366,0.0,0.0,0.0,0.0,0.02
367,0.0,0.0,0.0,0.0,0.02
368,0.0,0.0,0.0,0.0,0.02
369,0.0,0.0,0.0,0.0,0.02
370,0.0,0.0,0.0,0.0,0.02
371,0.0,0.0,0.0,0.0,0.02
372,0.0,0.0,0.0,0.0,0.02
373,0.0,0.0,0.0,0.0,0.02
374,0.0,0.0,0.0,0.0,0.02
375,0.0,0.0,0.0,0.0,0.02
376,0.0,0.0,0.0,0.0,0.02
377,0.0,0.0,0.0,0.0,0.02
378,0.0,0.0,0.0,0.0,0.02
379,0.0,0.0,0.0,0.0,0.02
380,0.0,0.0,0.0,0.0,0.02
381,0.0,0.0,0.0,0.0,0.02
382,0.0,0.0,0.0,0.0,0.02
383,0.0,0.0,0.0,0.0,0.02
384,0.0,0.0,0.0,0.0,0.02
385,0.0,0.0,0.0,0.0,0.02
386,0.0,0.0,0.0,0.0,0.02
387,0.0,0.0,0.0,0.0,0.02
388,0.0,0.0,0.0,0.0,0.02
389,0.0,0.0,0.0,0.0,0.02
390,0.0,0.0,0.0,0.0,0.02
391,0.0,0.0,0.0,0.0,0.02
392,0.0,0.0,0.0,0.0,0.02
393,0.0,0.0,0.0,0.0,0.02
394,0.0,0.0,0.0,0.0,0.02
395,0.0,0.0,0.0,0.0,0.02
396,0.0,0.0,0.0,0.0,0.02
397,0.0,0.0,0.0,0.0,0.02
398,0.0,0.0,0.0,0.0,0.02
399,0.0,0.0,0.0,0.0,0.02
400,0.0,0.0,0.0,0.0,0.02
401,0.0,0.0,0.0,0.0,0.02
402,0.0,0.0,0.0,0.0,0.02
403,0.0,0.0,0.0,0.0,0.02
404,0.0,0.0,0.0,0.0,0.02
405,0.0,0.0,0.0,0.0,0.02
406,0.0,0.0,0.0,0.0,0.02
407,0.0,0.0,0.0,0.0,0.02
408,0.0,0.0,0.0,0.0,0.02
409,0.0,0.0,0.0,0.0,0.02
410,0.0,0.0,0.0,0.0,0.02
411,0.0,0.0,0.0,0.0,0.02
412,0.0,0.0,0.0,0.0,0.02
413,0.0,0.0,0.0,0.0,0.02
414,0.0,0.0,0.0,0.0,0.02
415,0.0,0.0,0.0,0.0,0.02
416,0.0,0.0,0.0,0.0,0.02
417,0.0,0.0,0.0,0.0,0.02
418,0.0,0.0,0.0,0.0,0.02
419,0.0,0.0,0.0,0.0,0.02
420,0.0,0.0,0.0,0.0,0.02
421,0.0,0.0,0.0,0.0,0.02
422,0.0,0.0,0.0,0.0,0.02
423,0.0,0.0,0.0,0.0,0.02
424,0.0,0.0,0.0,0.0,0.02
425,0.0,0.0,0.0,0.0,0.02
426,0.0,0.0,0.0,0.0,0.02
427,0.0,0.0,0.0,0.0,0.02
428,0.0,0.0,0.0,0.0,0.02
429,0.0,0.0,0.0,0.0,0.02
430,0.0,0.0,0.0,0.0,0.02
431,0.0,0.0,0.0,0.0,0.02
432,0.0,0.0,0.0,0.0,0.02
433,0.0,0.0,0.0,0.0,0.02
434,0.0,0.0,0.0,0.0,0.02
435,0.0,0.0,0.0,0.0,0.02
436,0.0,0.0,0.0,0.0,0.02
437,0.0,0.0,0.0,0.0,0.02
438,0.0,0.0,0.0,0.0,0.02
439,0.0,0.0,0.0,0.0,0.02
440,0.0,0.0,0.0,0.0,0.02
441,0.0,0.0,0.0,0.0,0.02
442,0.0,0.0,0.0,0.0,0.02
443,0.0,0.0,0.0,0.0,0.02
444,0.0,0.0,0.0,0.0,0.02
445,0.0,0.0,0.0,0.0,0.02
446,0.0,0.0,0.0,0.0,0.02
447,0.0,0.0,0.0,0.0,0.02
448,0.0,0.0,0.0,0.0,0.02
449,0.0,0.0,0.0,0.0,0.02
450,0.0,0.0,0.0,0.0,0.02
451,0.0,0.0,0.0,0.0,0.02
452,0.0,0.0,0.0,0.0,0.02
453,0.0,0.0,0.0,0.0,0.02
454,0.0,0.0,0.0,0.0,0.02
455,0.0,0.0,0.0,0.0,0.02
456,0.0,0.0,0.0,0.0,0.02
457,0.0,0.0,0.0,0.0,0.02
458,0.0,0.0,0.0,0.0,0.02
459,0.0,0.0,0.0,0.0,0.02
460,0.0,0.0,0.0,0.0,0.02
461,0.0,0.0,0.0,0.0,0.02
462,0.0,0.0,0.0,0.0,0.02
463,0.0,0.0,0.0,0.0,0.02
464,0.0,0.0,0.0,0.0,0.02
465,0.0,0.0,0.0,0.0,0.02
466,0.0,0.0,0.0,0.0,0.02
467,0.0,0.0,0.0,0.0,0.02
468,0.0,0.0,0.0,0.0,0.02
469,0.0,0.0,0.0,0.0,0.02
470,0.0,0.0,0.0,0.0,0.02
471,0.0,0.0,0.0,0.0,0.02
472,0.0,0.0,0.0,0.0,0.02
473,0.0,0.0,0.0,0.0,0.02
474,0.0,0.0,0.0,0.0,0.02
475,0.0,0.0,0.0,0.0,0.02
476,0.0,0.0,0.0,0.0,0.02
477,0.0,0.0,0.0,0.0,0.02
478,0.0,0.0,0.0,0.0,0.02
479,0.0,0.0,0.0,0.0,0.02
480,0.0,0.0,0.0,0.0,0.02
481,0.0,0.0,0.0,0.0,0.02
482,0.0,0.0,0.0,0.0,0.02
483,0.0,0.0,0.0,0.0,0.02
484,0.0,0.0,0.0,0.0,0.02
485,0.0,0.0,0.0,0.0,0.02
486,0.0,0.0,0.0,0.0,0.02
487,0.0,0.0,0.0,0.0,0.02
488,0.0,0.0,0.0,0.0,0.02
489,0.0,0.0,0.0,0.0,0.02
490,0.0,0.0,0.0,0.0,0.02
491,0.0,0.0,0.0,0.0,0.02
492,0.0,0.0,0.0,0.0,0.02
493,0.0,0.0,0.0,0.0,0.02
494,0.0,0.0,0.0,0.0,0.02
495,0.0,0.0,0.0,0.0,0.02
496,0.0,0.0,0.0,0.0,0.02
497,0.0,0.0,0.0,0.0,0.02
498,0.0,0.0,0.0,0.0,0.02
499,0.0,0.0,0.0,0.0,0.02
500,0.0,0.0,0.0,0.0,0.02
501,0.0,0.0,0.0,0.0,0.02
502,0.0,0.0,0.0,0.0,0.02
503,0.0,0.0,0.0,0.0,0.02
504,0.0,0.0,0.0,0.0,0.02
505,0.0,0.0,0.0,0.0,0.02
506,0.0,0.0,0.0,0.0,0.02
507,0.0,0.0,0.0,0.0,0.02
508,0.0,0.0,0.0,0.0,0.02
509,0.0,0.0,0.0,0.0,0.02
510,0.0,0.0,0.0,0.0,0.02
511,0.0,0.0,0.0,0.0,0.02
512,0.0,0.0,0.0,0.0,0.02
513,0.0,0.0,0.0,0.0,0.02
514,0.0,0.0,0.0,0.0,0.02
515,0.0,0.0,0.0,0.0,0.02
516,0.0,0.0,0.0,0.0,0.02
517,0.0,0.0,0.0,0.0,0.02
518,0.0,0.0,0.0,0.0,0.02
519,0.0,0.0,0.0,0.0,0.02
520,0.0,0.0,0.0,0.0,0.02
521,0.0,0.0,0.0,0.0,0.02
522,0.0,0.0,0.0,0.0,0.02
523,0.0,0.0,0.0,0.0,0.02
524,0.0,0.0,0.0,0.0,0.02
525,0.0,0.0,0.006508080035817365,0.0,0.026508080035817366
526,0.0,0.0,0.01654711926219972,0.0,0.03654711926219972
527,0.0,0.0,0.029373546608494748,0.0,0.049373546608494745
528,0.0,0.0,0.04198935051666725,0.0,0.06198935051666725
529,0.0,0.0,0.06163849551661095,0.0,0.08163849551661095
530,0.0,0.0,0.0840846097593517,0.0,0.1040846097593517
531,0.0,0.0,0.10448762133908096,0.0,0.12448762133908096
532,0.0,0.0,0.10975296304273933,0.0,0.12975296304273934
533,0.0,0.0,0.11428251257095413,0.0,0.13428251257095414
534,0.0,0.0,0.11960216843292755,0.0,0.13960216843292755
535,0.0,0.0,0.1255439303490476,0.0,0.14554393034904758
536,0.0003465266776121244,0.0,0.12568700917913372,0.0,0.14568700917913371
537,0.0006690688123615722,0.0,0.12352775292273353,0.0,0.14352775292273354
538,0.000841999892580851,0.0,0.12343582867295746,0.002066833147373755,0.1413689955255837
539,0.0009673691342107902,0.0,0.1257651975731903,0.0024336503183486503,0.14333154725484165
540,0.0011271620379288273,0.0,0.12988200168798103,0.0025566315629593746,0.14732537012502164
541,0.0016768057825117784,0.0,0.12949024102484546,0.002523004603838305,0.14696723642100715
542,0.002170833883820535,0.0,0.12920322911305332,0.002391051223455985,0.1468121778895973
543,0.0022615992281459696,0.0,0.13134434932734607,0.0022020464003601045,0.14914230292698594
544,0.002129101621699601,0.0,0.1356454763876621,0.0,0.1556454763876621
545,0.0020375239240160237,0.0,0.1353955740977149,0.0,0.1553955740977149
546,0.0024983045247789293,0.0,0.1323741113007907,0.0,0.15237411130079068
547,0.0025792472093823862,0.0,0.1308532782067973,0.0,0.15085327820679728
548,0.0021154042087994608,0.0,0.13291095737877895,0.0,0.15291095737877894
549,0.001781883867919182,0.0,0.13629050760737388,0.0,0.15629050760737387
550,0.002671782547555079,0.0,0.13466940051872894,0.0,0.15466940051872893
551,0.0029742059628662682,0.0,0.1326547748263916,0.0,0.1526547748263916
552,0.0027250102076271697,0.0,0.1332171019218821,0.0,0.1532171019218821
553,0.002382485476389801,0.0,0.1366082967842755,0.0,0.15660829678427549
554,0.0026068687023696607,0.0,0.13819612545051718,0.0,0.15819612545051717
555,0.003292990778310556,0.0,0.13410350238667518,0.0,0.15410350238667517
556,0.0031835159189127164,0.0,0.13021081602255408,0.0,0.15021081602255407
557,0.0028222940780527985,0.0,0.12929071857816685,0.0,0.14929071857816684
558,0.0028302333256838477,0.0,0.13409990499193572,0.0,0.1540999049919357
559,0.0038220278544818347,0.0,0.13244827016464525,0.0,0.15244827016464524
560,0.003944133573218326,0.0,0.1304470749091449,0.0,0.15044707490914488
561,0.003513341544771934,0.0,0.13115635920089347,0.0,0.15115635920089346
562,0.0029409214342937663,0.0,0.13470394148749393,0.0,0.15470394148749392
563,0.0028059275289778907,0.0,0.13465920803533568,0.0,0.15465920803533567
564,0.0033542532057097003,0.0,0.1326561324716523,0.0,0.1526561324716523
565,0.0033759525847848844,0.0,0.13102654157295618,0.0,0.15102654157295617
566,0.0027510017495458077,0.0,0.13618143932270263,0.0,0.15618143932270262
567,0.003101703536426179,0.0,0.13826694461905337,0.0,0.15826694461905336
568,0.004031421777781334,0.0,0.135439763830842,0.0,0.155439763830842
569,0.004006555542472154,0.0,0.13420787361976555,0.0,0.15420787361976554
570,0.0035230091641737593,0.0,0.13156315908395189,0.0,0.15156315908395188
571,0.0030314744297814155,0.0,0.1351053786287717,0.0,0.1551053786287717
572,0.0033673270869902195,0.0,0.13535231443378593,0.0,0.15535231443378592
573,0.00431754491231795,0.0,0.1335826585612499,0.0,0.1535826585612499
574,0.004339118141164876,0.0,0.1320252110790383,0.0,0.1520252110790383
575,0.003764480837532909,0.0,0.135947146731649,0.0,0.155947146731649
576,0.004051578813569331,0.0,0.1351142995086758,0.0,0.15511429950867578
577,0.004766765463617766,0.0,0.1312778452873259,0.0,0.15127784528732588
578,0.004554019671110006,0.0,0.12923617534810367,0.0,0.14923617534810366
579,0.003915516812276209,0.0,0.12961345334102817,0.0,0.14961345334102816
580,0.0031631961203523766,0.0,0.1314224726285831,0.0,0.15142247262858308
581,0.0037746536762564183,0.0,0.13065952709951287,0.0,0.15065952709951286
582,0.004214915687304735,0.0,0.12990722820187384,0.0,0.14990722820187383
583,0.003946210601685533,0.0,0.13156089757508488,0.0,0.15156089757508487
584,0.0031566154427667336,0.0,0.1356454763876621,0.0,0.1556454763876621
585,0.003343741837333769,0.0,0.13749948977945284,0.0,0.15749948977945283
586,0.003979620380994159,0.0,0.13450360917319495,0.0,0.15450360917319494
587,0.0037809813138812965,0.0,0.13292303564428715,0.0,0.15292303564428714
588,0.0030547917240435507,0.0,0.13291095737877895,0.0,0.15291095737877894
589,0.0025998695529851207,0.0,0.13629050760737388,0.0,0.15629050760737387
590,0.003925892260703341,0.0,0.13669661685085055,0.0,0.15669661685085054
591,0.004294299488997921,0.0,0.1326547748263916,0.0,0.1526547748263916
592,0.0039118846695834625,0.0,0.1332171019218821,0.0,0.1532171019218821
593,0.0033655559652974176,0.0,0.13862445695999398,0.0,0.15862445695999397
594,0.0035845804299649477,0.0,0.13821925626165973,0.0,0.15821925626165972
595,0.00436460103622977,0.0,0.13412546687285337,0.0,0.15412546687285336
596,0.004148204434479619,0.0,0.13023243607839907,0.0,0.15023243607839906
597,0.0035706010003157536,0.0,0.12929071857816685,0.0,0.14929071857816684
598,0.0035340222322893153,0.0,0.13409990499193572,0.0,0.1540999049919357
599,0.004663702622940313,0.0,0.13244827016464525,0.0,0.15244827016464524
600,0.004764313386448239,0.0,0.1304470749091449,0.0,0.15044707490914488
601,0.004219729759854895,0.0,0.13115635920089347,0.0,0.15115635920089346
602,0.0034736100696177,0.0,0.13470394148749393,0.0,0.15470394148749392
603,0.0032784603464230963,0.0,0.13465920803533568,0.0,0.15465920803533567
604,0.0038396305462257523,0.0,0.1326561324716523,0.0,0.1526561324716523
605,0.0038210274564110898,0.0,0.13102654157295618,0.0,0.15102654157295617
606,0.003063707058212518,0.0,0.13618143932270263,0.0,0.15618143932270262
607,0.003417998789050084,0.0,0.13826694461905337,0.0,0.15826694461905336
608,0.004383066771343712,0.0,0.135439763830842,0.0,0.155439763830842
609,0.004328546617467728,0.0,0.13420787361976555,0.0,0.15420787361976554
610,0.003790851193490639,0.0,0.13156315908395189,0.0,0.15156315908395188
611,0.0032233285784467464,0.0,0.1351053786287717,0.0,0.1551053786287717
612,0.0035525090206825036,0.0,0.13535231443378593,0.0,0.15535231443378592
613,0.00451288716934011,0.0,0.1335826585612499,0.0,0.1535826585612499
614,0.004515558646367406,0.0,0.1320252110790383,0.0,0.1520252110790383
615,0.003891557607757709,0.0,0.135947146731649,0.0,0.155947146731649
616,0.004179279604636147,0.0,0.1351142995086758,0.0,0.15511429950867578
617,0.004901371049971387,0.0,0.1312778452873259,0.0,0.15127784528732588
618,0.004674971966368513,0.0,0.12923617534810367,0.0,0.14923617534810366
619,0.004015216612601426,0.0,0.12961345334102817,0.0,0.14961345334102816
620,0.003233462106495403,0.0,0.1314224726285831,0.0,0.15142247262858308
621,0.0038528633936668697,0.0,0.13065952709951287,0.0,0.15065952709951286
622,0.0042972784016067096,0.0,0.12990722820187384,0.0,0.14990722820187383
623,0.00402060414325284,0.0,0.13156089757508488,0.0,0.15156089757508487
624,0.0032119767135488884,0.0,0.1356454763876621,0.0,0.1556454763876621
625,0.003396485598514646,0.0,0.13749948977945284,0.0,0.15749948977945283
626,0.004032297175281698,0.0,0.13450360917319495,0.0,0.15450360917319494
627,0.003826118949485962,0.0,0.13292303564428715,0.0,0.15292303564428714
628,0.0030865488148180305,0.0,0.13291095737877895,0.0,0.15291095737877894
629,0.002624269256184696,0.0,0.13629050760737388,0.0,0.15629050760737387
630,0.003939767876552938,0.0,0.13669661685085055,0.0,0.15669661685085054
631,0.004299333426093146,0.0,0.1326547748263916,0.0,0.1526547748263916
632,0.003910825097742356,0.0,0.1332171019218821,0.0,0.1532171019218821
633,0.0033545378941331094,0.0,0.13862445695999398,0.0,0.15862445695999397
634,0.003564039007548669,0.0,0.13821925626165973,0.0,0.15821925626165972
635,0.0043246965876158954,0.0,0.13412546687285337,0.0,0.15412546687285336
636,0.004103624063346108,0.0,0.13023243607839907,0.0,0.15023243607839906
637,0.0035221237731396134,0.0,0.12929071857816685,0.0,0.14929071857816684
638,0.0034820547770487093,0.0,0.13409990499193572,0.0,0.1540999049919357
639,0.004586370685484885,0.0,0.13244827016464525,0.0,0.15244827016464524
640,0.004681327861479307,0.0,0.1304470749091449,0.0,0.15044707490914488
641,0.004144215629846853,0.0,0.13115635920089347,0.0,0.15115635920089346
642,0.003406543635905258,0.0,0.13470394148749393,0.0,0.15470394148749392
643,0.0032115048658793617,0.0,0.13465920803533568,0.0,0.15465920803533567
644,0.0037527717526105358,0.0,0.1326561324716523,0.0,0.1526561324716523
645,0.0037298803240376458,0.0,0.13102654157295618,0.0,0.15102654157295617
646,0.0029851458938678645,0.0,0.13618143932270263,0.0,0.15618143932270262
647,0.0033164276070444783,0.0,0.13826694461905337,0.0,0.15826694461905336
648,0.0042297498744679725,0.0,0.135439763830842,0.0,0.155439763830842
649,0.004166329149134333,0.0,0.13420787361976555,0.0,0.15420787361976554
650,0.0036427346415470567,0.0,0.13156315908395189,0.0,0.15156315908395188
651,0.00308204278551648,0.0,0.1351053786287717,0.0,0.1551053786287717
652,0.003362143433152079,0.0,0.13535231443378593,0.0,0.15535231443378592
653,0.0042184175567229545,0.0,0.1335826585612499,0.0,0.1535826585612499
654,0.004195825519700619,0.0,0.1320252110790383,0.0,0.1520252110790383
655,0.0035830505020368773,0.0,0.135947146731649,0.0,0.155947146731649
656,0.0038099034529763473,0.0,0.1351142995086758,0.0,0.15511429950867578
657,0.004402397740803882,0.0,0.1312778452873259,0.0,0.15127784528732588
658,0.004166782637013164,0.0,0.12923617534810367,0.0,0.14923617534810366
659,0.003560594751007684,0.0,0.12961345334102817,0.0,0.14961345334102816
660,0.0028238661030494617,0.0,0.1314224726285831,0.0,0.15142247262858308
661,0.0033016843695545853,0.0,0.13065952709951287,0.0,0.15065952709951286
662,0.0036268184353410162,0.0,0.12990722820187384,0.0,0.14990722820187383
663,0.003362801202420249,0.0,0.13156089757508488,0.0,0.15156089757508487
664,0.0026398991024884216,0.0,0.1356454763876621,0.0,0.1556454763876621
665,0.0027507361608049997,0.0,0.13749948977945284,0.0,0.15749948977945283
666,0.0031956956011919037,0.0,0.13450360917319495,0.0,0.15450360917319494
667,0.0029981857561876234,0.0,0.13292303564428715,0.0,0.15292303564428714
668,0.0023858802929913915,0.0,0.13291095737877895,0.0,0.15291095737877894
669,0.0020102328878735,0.0,0.13629050760737388,0.0,0.15629050760737387
670,0.0028910326986599554,0.0,0.13669661685085055,0.0,0.15669661685085054
671,0.0030985176374933782,0.0,0.1326547748263916,0.0,0.1526547748263916
672,0.002787077248722969,0.0,0.1332171019218821,0.0,0.1532171019218821
673,0.0023342616099899724,0.0,0.13862445695999398,0.0,0.15862445695999397
674,0.0024044036199356933,0.0,0.13821925626165973,0.0,0.15821925626165972
675,0.0027893281899946786,0.0,0.13412546687285337,0.0,0.15412546687285336
676,0.0025892468066012623,0.0,0.13023243607839907,0.0,0.15023243607839906
677,0.00213489579341743,0.0,0.12929071857816685,0.0,0.14929071857816684
678,0.0020468272469388185,0.0,0.13409990499193572,0.0,0.1540999049919357
679,0.002514000750433701,0.0,0.13244827016464525,0.0,0.15244827016464524
680,0.0024830388112587,0.0,0.1304470749091449,0.0,0.15044707490914488
681,0.002156155559861677,0.0,0.13115635920089347,0.0,0.15115635920089346
682,0.0016700636755816512,0.0,0.13470394148749393,0.0,0.15470394148749392
683,0.0015041643204931213,0.0,0.13465920803533568,0.0,0.15465920803533567
684,0.0015969692983783298,0.0,0.1326561324716523,0.0,0.1526561324716523
685,0.001497386414520038,0.0,0.13102654157295618,0.0,0.15102654157295617
686,0.0010937430386930027,0.0,0.13618143932270263,0.0,0.15618143932270262
687,0.0011334220761407337,0.0,0.13826694461905337,0.0,0.15826694461905336
688,0.0013096512958361266,0.0,0.135439763830842,0.0,0.155439763830842
689,0.0012259904765881003,0.0,0.13420787361976555,0.0,0.15420787361976554
690,0.001035984707989543,0.0,0.13156315908395189,0.0,0.15156315908395188
691,0.0007852438493393622,0.0,0.1351053786287717,0.0,0.1551053786287717
692,0.0007743628393037856,0.0,0.13535231443378593,0.0,0.15535231443378592
693,0.0008453460373113138,0.0,0.1335826585612499,0.0,0.1535826585612499
694,0.0007799044089932163,0.0,0.1320252110790383,0.0,0.1520252110790383
695,0.0005855074709366615,0.0,0.135947146731649,0.0,0.155947146731649
696,0.0005753620908176044,0.0,0.1351142995086758,0.0,0.15511429950867578
697,0.0005824234547433791,0.0,0.1312778452873259,0.0,0.15127784528732588
698,0.0005102226989882145,0.0,0.12923617534810367,0.0,0.14923617534810366
699,0.0004127342871476848,0.0,0.12961345334102817,0.0,0.14961345334102816
700,0.00027131944688242387,0.0,0.1314224726285831,0.0,0.15142247262858308
701,0.00027232130106648474,0.0,0.13065952709951287,0.0,0.15065952709951286
702,0.00025874977378224776,0.0,0.12990722820187384,0.0,0.14990722820187383
703,0.0002174531041965965,0.0,0.13156089757508488,0.0,0.15156089757508487
704,0.00013610998088547268,0.0,0.1356454763876621,0.0,0.1556454763876621
705,0.000127155686113649,0.0,0.13749948977945284,0.0,0.15749948977945283
706,0.00012220064127850845,0.0,0.13450360917319495,0.0,0.15450360917319494
707,0.00010193344018339051,0.0,0.13292303564428715,0.0,0.15292303564428714
708,6.876113763387581e-05,0.0,0.13291095737877895,0.0,0.15291095737877894
709,5.093763715330668e-05,0.0,0.13629050760737388,0.0,0.15629050760737387
710,5.591147565237446e-05,0.0,0.13669661685085055,0.0,0.15669661685085054
711,5.188123757923469e-05,0.0,0.1326547748263916,0.0,0.1526547748263916
712,4.209827680268947e-05,0.0,0.1332171019218821,0.0,0.1532171019218821
713,2.6976001491464023e-05,0.0,0.13862445695999398,0.0,0.15862445695999397
714,2.216445562942444e-05,0.0,0.13821925626165976,0.0,0.15821925626165975
715,1.5881353457278002e-05,0.0,0.13412546687285337,0.0,0.15412546687285336
716,1.0131612149815201e-05,0.0,0.13023243607839907,0.0,0.15023243607839906
717,1.1858251453480202e-06,0.0,0.12929071857816685,0.0,0.14929071857816684
718,0.0,0.0,0.13409990499193572,0.0,0.1540999049919357
719,0.0,0.0,0.13244827016464522,0.0,0.1524482701646452
720,0.0,0.0,0.1304470749091449,0.0,0.15044707490914488
721,0.0,0.0,0.13115635920089347,0.0,0.15115635920089346
722,0.0,0.0,0.13470394148749393,0.0,0.15470394148749392
723,0.0,0.0,0.13465920803533568,0.0,0.15465920803533567
724,0.0,0.0,0.1326561324716523,0.0,0.1526561324716523
725,0.0,0.0,0.13102654157295618,0.0,0.15102654157295617
726,0.0,0.0,0.1361814393227026,0.0,0.1561814393227026
727,0.0,0.0,0.13826694461905337,0.0,0.15826694461905336
728,0.0,0.0,0.135439763830842,0.0,0.155439763830842
729,0.0,0.0,0.13420787361976558,0.0,0.15420787361976557
730,0.0,0.0,0.13156315908395189,0.0,0.15156315908395188
731,0.0,0.0,0.1351053786287717,0.0,0.1551053786287717
732,0.0,0.0,0.13535231443378593,0.0,0.15535231443378592
733,0.0,0.0,0.1335826585612499,0.0,0.1535826585612499
734,0.0,0.0,0.1320252110790383,0.0,0.1520252110790383
735,0.0,0.0,0.135947146731649,0.0,0.155947146731649
736,0.0,0.0,0.13511429950867582,0.0,0.1551142995086758
737,0.0,0.0,0.13127784528732592,0.0,0.1512778452873259
738,0.0,0.0,0.12923617534810367,0.0,0.14923617534810366
739,0.0,0.0,0.12961345334102817,0.0,0.14961345334102816
740,0.0,0.0,0.1314224726285831,0.0,0.15142247262858308
741,0.0,0.0,0.13065952709951287,0.0,0.15065952709951286
742,0.0,0.0,0.12990722820187384,0.0,0.14990722820187383
743,0.0,0.0,0.13156089757508488,0.0,0.15156089757508487
744,0.0,0.0,0.1356454763876621,0.0,0.1556454763876621
745,0.0,0.0,0.13749948977945287,0.0,0.15749948977945286
746,0.0,0.0,0.13450360917319493,0.0,0.15450360917319492
747,0.0,0.0,0.13292303564428715,0.0,0.15292303564428714
748,0.0,0.0,0.13291095737877895,0.0,0.15291095737877894
749,0.0,0.0,0.13629050760737388,0.0,0.15629050760737387
750,0.0,0.0,0.13669661685085055,0.0,0.15669661685085054
751,0.0,0.0,0.1326547748263916,0.0,0.1526547748263916
752,0.0,0.0,0.1332171019218821,0.0,0.1532171019218821
753,0.0,0.0,0.13862445695999398,0.0,0.15862445695999397
754,0.0,0.0,0.13821925626165976,0.0,0.15821925626165975
755,0.0,0.0,0.13412546687285337,0.0,0.15412546687285336
756,0.0,0.0,0.13023243607839907,0.0,0.15023243607839906
757,0.0,0.0,0.12929071857816685,0.0,0.14929071857816684
758,0.0,0.0,0.13409990499193572,0.0,0.1540999049919357
759,0.0,0.0,0.13244827016464522,0.0,0.1524482701646452
760,0.0,0.0,0.1304470749091449,0.0,0.15044707490914488
761,0.0,0.0,0.13115635920089347,0.0,0.15115635920089346
762,0.0,0.0,0.13470394148749393,0.0,0.15470394148749392
763,0.0,0.0,0.13465920803533568,0.0,0.15465920803533567
764,0.0,0.0,0.1326561324716523,0.0,0.1526561324716523
765,0.0,0.0,0.13102654157295618,0.0,0.15102654157295617
766,0.0,0.0,0.1361814393227026,0.0,0.1561814393227026
767,0.0,0.0,0.13826694461905337,0.0,0.15826694461905336
768,0.0,0.0,0.135439763830842,0.0,0.155439763830842
769,0.0,0.0,0.13420787361976558,0.0,0.15420787361976557
770,0.0,0.0,0.13156315908395189,0.0,0.15156315908395188
771,0.0,0.0,0.1351053786287717,0.0,0.1551053786287717
772,0.0,0.0,0.13535231443378593,0.0,0.15535231443378592
773,0.0,0.0,0.1335826585612499,0.0,0.1535826585612499
774,0.0,0.0,0.1320252110790383,0.0,0.1520252110790383
775,0.0,0.0,0.135947146731649,0.0,0.155947146731649
776,0.0,0.0,0.13511429950867582,0.0,0.1551142995086758
777,0.0,0.0,0.13127784528732592,0.0,0.1512778452873259
778,0.0,0.0,0.12923617534810367,0.0,0.14923617534810366
779,0.0,0.0,0.12961345334102817,0.0,0.14961345334102816
780,0.0,0.0,0.1314224726285831,0.0,0.15142247262858308
781,0.0,0.0,0.13065952709951287,0.0,0.15065952709951286
782,0.0,0.0,0.12990722820187384,0.0,0.14990722820187383
783,0.0,0.0,0.13156089757508488,0.0,0.15156089757508487
784,0.0,0.0,0.1356454763876621,0.0,0.1556454763876621
785,0.0,0.0,0.13749948977945287,0.0,0.15749948977945286
786,0.0,0.0,0.13450360917319493,0.0,0.15450360917319492
787,0.0,0.0,0.13292303564428715,0.0,0.15292303564428714
788,0.0,0.0,0.13291095737877895,0.0,0.15291095737877894
789,0.0,0.0,0.13629050760737388,0.0,0.15629050760737387
790,0.0,0.0,0.13669661685085055,0.0,0.15669661685085054
791,0.0,0.0,0.1326547748263916,0.0,0.1526547748263916
792,0.0,0.0,0.1332171019218821,0.0,0.1532171019218821
793,0.0,0.0,0.13862445695999398,0.0,0.15862445695999397
794,0.0,0.0,0.13821925626165976,0.0,0.15821925626165975
795,0.0,0.0,0.13412546687285337,0.0,0.15412546687285336
796,0.0,0.0,0.13023243607839907,0.0,0.15023243607839906
797,0.0,0.0,0.12929071857816685,0.0,0.14929071857816684
798,0.0,0.0,0.13409990499193572,0.0,0.1540999049919357
799,0.0,0.0,0.13244827016464522,0.0,0.1524482701646452
800,0.0,0.0,0.1304470749091449,0.0,0.15044707490914488
801,0.0,0.0,0.13115635920089347,0.0,0.15115635920089346
802,0.0,0.0,0.13470394148749393,0.0,0.15470394148749392
803,0.0,0.0,0.13465920803533568,0.0,0.15465920803533567
804,0.0,0.0,0.1326561324716523,0.0,0.1526561324716523
805,0.0,0.0,0.13102654157295618,0.0,0.15102654157295617
806,0.0,0.0,0.1361814393227026,0.0,0.1561814393227026
807,0.0,0.0,0.13826694461905337,0.0,0.15826694461905336
808,0.0,0.0,0.135439763830842,0.0,0.155439763830842
809,0.0,0.0,0.13420787361976558,0.0,0.15420787361976557
810,0.0,0.0,0.13156315908395189,0.0,0.15156315908395188
811,0.0,0.0,0.1351053786287717,0.0,0.1551053786287717
812,0.0,0.0,0.13535231443378593,0.0,0.15535231443378592
813,0.0,0.0,0.1335826585612499,0.0,0.1535826585612499
814,0.0,0.0,0.1320252110790383,0.0,0.1520252110790383
815,0.0,0.0,0.135947146731649,0.0,0.155947146731649
816,0.0,0.0,0.13511429950867582,0.0,0.1551142995086758
817,0.0,0.0,0.13127784528732592,0.0,0.1512778452873259
818,0.0,0.0,0.12923617534810367,0.0,0.14923617534810366
819,0.0,0.0,0.12961345334102817,0.0,0.14961345334102816
820,0.0,0.0,0.1314224726285831,0.0,0.15142247262858308
821,0.0,0.0,0.13065952709951287,0.0,0.15065952709951286
822,0.0,0.0,0.12990722820187384,0.0,0.14990722820187383
823,0.0,0.0,0.13156089757508488,0.0,0.15156089757508487
824,0.0,0.0,0.1356454763876621,0.0,0.1556454763876621
825,0.0,0.0,0.13749948977945287,0.0,0.15749948977945286
826,0.0,0.0,0.13450360917319493,0.0,0.15450360917319492
827,0.0,0.0,0.13292303564428715,0.0,0.15292303564428714
828,0.0,0.0,0.13291095737877895,0.0,0.15291095737877894
829,0.0,0.0,0.13629050760737388,0.0,0.15629050760737387
830,0.0,0.0,0.13669661685085055,0.0,0.15669661685085054
831,0.0,0.0,0.1326547748263916,0.0,0.1526547748263916
832,0.0,0.0,0.1332171019218821,0.0,0.1532171019218821
833,0.0,0.0,0.13862445695999398,0.0,0.15862445695999397
834,0.0,0.0,0.13821925626165976,0.0,0.15821925626165975
835,0.0,0.0,0.13412546687285337,0.0,0.15412546687285336
836,0.0,0.0,0.13023243607839907,0.0,0.15023243607839906
837,0.0,0.0,0.12929071857816685,0.0,0.14929071857816684
838,0.0,0.0,0.13409990499193572,0.0,0.1540999049919357
839,0.0,0.0,0.13244827016464522,0.0,0.1524482701646452
840,0.0,0.0,0.1304470749091449,0.0,0.15044707490914488
841,0.0,0.0,0.13115635920089347,0.0,0.15115635920089346
842,0.0,0.0,0.13470394148749393,0.0,0.15470394148749392
843,0.0,0.0,0.13465920803533568,0.0,0.15465920803533567
844,0.0,0.0,0.1326561324716523,0.0,0.1526561324716523
845,0.0,0.0,0.13102654157295618,0.0,0.15102654157295617
846,0.0,0.0,0.1361814393227026,0.0,0.1561814393227026
847,0.0,0.0,0.13826694461905337,0.0,0.15826694461905336
848,0.0,0.0,0.135439763830842,0.0,0.155439763830842
849,0.0,0.0,0.13420787361976558,0.0,0.15420787361976557
850,0.0,0.0,0.13156315908395189,0.0,0.15156315908395188
851,0.0,0.0,0.1351053786287717,0.0,0.1551053786287717
852,0.0,0.0,0.13535231443378593,0.0,0.15535231443378592
853,0.0,0.0,0.1335826585612499,0.0,0.1535826585612499
854,0.0,0.0,0.1320252110790383,0.0,0.1520252110790383
855,0.0,0.0,0.135947146731649,0.0,0.155947146731649
856,0.0,0.0,0.13511429950867582,0.0,0.1551142995086758
857,0.0,0.0,0.13127784528732592,0.0,0.1512778452873259
858,0.0,0.0,0.12923617534810367,0.0,0.14923617534810366
859,0.0,0.0,0.12961345334102817,0.0,0.14961345334102816
860,0.0,0.0,0.1314224726285831,0.0,0.15142247262858308
861,0.0,0.0,0.13065952709951287,0.0,0.15065952709951286
862,0.0,0.0,0.12990722820187384,0.0,0.14990722820187383
863,0.0,0.0,0.13156089757508488,0.0,0.15156089757508487
864,0.0,0.0,0.1356454763876621,0.0,0.1556454763876621
865,0.0,0.0,0.13749948977945287,0.0,0.15749948977945286
866,0.0,0.0,0.13450360917319493,0.0,0.15450360917319492
867,0.0,0.0,0.13292303564428715,0.0,0.15292303564428714
868,0.0,0.0,0.13291095737877895,0.0,0.15291095737877894
869,0.0,0.0,0.13629050760737388,0.0,0.15629050760737387
870,0.0,0.0,0.13669661685085055,0.0,0.15669661685085054
871,0.0,0.0,0.1326547748263916,0.0,0.1526547748263916
872,0.0,0.0,0.1332171019218821,0.0,0.1532171019218821
873,0.0,0.0,0.13862445695999398,0.0,0.15862445695999397
874,0.0,0.0,0.13821925626165976,0.0,0.15821925626165975
875,0.0,0.0,0.13412546687285337,0.0,0.15412546687285336
876,0.0,0.0,0.13023243607839907,0.0,0.15023243607839906
877,0.0,0.0,0.12929071857816685,0.0,0.14929071857816684
878,0.0,0.0,0.13409990499193572,0.0,0.1540999049919357
879,0.0,0.0,0.13244827016464522,0.0,0.1524482701646452
880,0.0,0.0,0.1304470749091449,0.0,0.15044707490914488
881,0.0,0.0,0.13115635920089347,0.0,0.15115635920089346
882,0.0,0.0,0.13470394148749393,0.0,0.15470394148749392
883,0.0,0.0,0.13465920803533568,0.0,0.15465920803533567
884,0.0,0.0,0.1326561324716523,0.0,0.1526561324716523
885,0.0,0.0,0.13102654157295618,0.0,0.15102654157295617
886,0.0,0.0,0.1361814393227026,0.0,0.1561814393227026
887,0.0,0.0,0.13826694461905337,0.0,0.15826694461905336
888,0.0,0.0,0.135439763830842,0.0,0.155439763830842
889,0.0,0.0,0.13420787361976558,0.0,0.15420787361976557
890,0.0,0.0,0.13156315908395189,0.0,0.15156315908395188
891,0.0,0.0,0.1351053786287717,0.0,0.1551053786287717
892,0.0,0.0,0.13535231443378593,0.0,0.15535231443378592
893,0.0,0.0,0.1335826585612499,0.0,0.1535826585612499
894,0.0,0.0,0.1320252110790383,0.0,0.1520252110790383
895,0.0,0.0,0.135947146731649,0.0,0.155947146731649
896,0.0,0.0,0.13511429950867582,0.0,0.1551142995086758
897,0.0,0.0,0.13127784528732592,0.0,0.1512778452873259
898,0.0,0.0,0.12923617534810367,0.0,0.14923617534810366
899,0.0,0.0,0.12961345334102817,0.0,0.14961345334102816
900,0.0,0.0,0.1314224726285831,0.0,0.15142247262858308
901,0.0,0.0,0.13065952709951287,0.0,0.15065952709951286
902,0.0,0.0,0.12990722820187384,0.0,0.14990722820187383
903,0.0,0.0,0.13156089757508488,0.0,0.15156089757508487
904,0.0,0.0,0.1356454763876621,0.0,0.1556454763876621
905,0.0,0.0,0.13749948977945287,0.0,0.15749948977945286
906,0.0,0.0,0.13450360917319493,0.0,0.15450360917319492
907,0.0,0.0,0.13292303564428715,0.0,0.15292303564428714
908,0.0,0.0,0.13291095737877895,0.0,0.15291095737877894
909,0.0,0.0,0.13629050760737388,0.0,0.15629050760737387
910,0.0,0.0,0.13669661685085055,0.0,0.15669661685085054
911,0.0,0.0,0.1326547748263916,0.0,0.1526547748263916
912,0.0,0.0,0.1332171019218821,0.0,0.1532171019218821
913,0.0,0.0,0.13862445695999398,0.0,0.15862445695999397
914,0.0,0.0,0.13821925626165976,0.0,0.15821925626165975
915,0.0,0.0,0.13412546687285337,0.0,0.15412546687285336
916,0.0,0.0,0.13023243607839907,0.0,0.15023243607839906
917,0.0,0.0,0.12929071857816685,0.0,0.14929071857816684
918,0.0,0.0,0.13409990499193572,0.0,0.1540999049919357
919,0.0,0.0,0.13244827016464522,0.0,0.1524482701646452
920,0.0,0.0,0.1304470749091449,0.0,0.15044707490914488
921,0.0,0.0,0.13115635920089347,0.0,0.15115635920089346
922,0.0,0.0,0.13470394148749393,0.0,0.15470394148749392
923,0.0,0.0,0.13465920803533568,0.0,0.15465920803533567
924,0.0,0.0,0.1326561324716523,0.0,0.1526561324716523
925,0.0,0.0,0.13102654157295618,0.0,0.15102654157295617
926,0.0,0.0,0.1361814393227026,0.0,0.1561814393227026
927,0.0,0.0,0.13826694461905337,0.0,0.15826694461905336
928,0.0,0.0,0.135439763830842,0.0,0.155439763830842
929,0.0,0.0,0.13420787361976558,0.0,0.15420787361976557
930,0.0,0.0,0.13156315908395189,0.0,0.15156315908395188
931,0.0,0.0,0.1351053786287717,0.0,0.1551053786287717
932,0.0,0.0,0.13535231443378593,0.0,0.15535231443378592
933,0.0,0.0,0.1335826585612499,0.0,0.1535826585612499
934,0.0,0.0,0.1320252110790383,0.0,0.1520252110790383
935,0.0,0.0,0.135947146731649,0.0,0.155947146731649
936,0.0,0.0,0.13511429950867582,0.0,0.1551142995086758
937,0.0,0.0,0.13127784528732592,0.0,0.1512778452873259
938,0.0,0.0,0.12923617534810367,0.0,0.14923617534810366
939,0.0,0.0,0.12961345334102817,0.0,0.14961345334102816
940,0.0,0.0,0.1314224726285831,0.0,0.15142247262858308
941,0.0,0.0,0.13065952709951287,0.0,0.15065952709951286
942,0.0,0.0,0.12990722820187384,0.0,0.14990722820187383
943,0.0,0.0,0.13156089757508488,0.0,0.15156089757508487
944,0.0,0.0,0.1356454763876621,0.0,0.1556454763876621
945,0.0,0.0,0.13749948977945287,0.0,0.15749948977945286
946,0.0,0.0,0.13450360917319493,0.0,0.15450360917319492
947,0.0,0.0,0.13292303564428715,0.0,0.15292303564428714
948,0.0,0.0,0.13291095737877895,0.0,0.15291095737877894
949,0.0,0.0,0.13629050760737388,0.0,0.15629050760737387
950,0.0,0.0,0.13669661685085055,0.0,0.15669661685085054
951,0.0,0.0,0.1326547748263916,0.0,0.1526547748263916
952,0.0,0.0,0.1332171019218821,0.0,0.1532171019218821
953,0.0,0.0,0.13862445695999398,0.0,0.15862445695999397
954,0.0,0.0,0.13821925626165976,0.0,0.15821925626165975
955,0.0,0.0,0.13412546687285337,0.0,0.15412546687285336
956,0.0,0.0,0.13023243607839907,0.0,0.15023243607839906
957,0.0,0.0,0.12929071857816685,0.0,0.14929071857816684
958,0.0,0.0,0.13409990499193572,0.0,0.1540999049919357
959,0.0,0.0,0.13244827016464522,0.0,0.1524482701646452
960,0.0,0.0,0.1304470749091449,0.0,0.15044707490914488
961,0.0,0.0,0.13115635920089347,0.0,0.15115635920089346
962,0.0,0.0,0.13470394148749393,0.0,0.15470394148749392
963,0.0,0.0,0.13465920803533568,0.0,0.15465920803533567
964,0.0,0.0,0.1326561324716523,0.0,0.1526561324716523
965,0.0,0.0,0.13102654157295618,0.0,0.15102654157295617
966,0.0,0.0,0.1361814393227026,0.0,0.1561814393227026
967,0.0,0.0,0.13826694461905337,0.0,0.15826694461905336
968,0.0,0.0,0.135439763830842,0.0,0.155439763830842
969,0.0,0.0,0.13420787361976555,0.0,0.15420787361976554
970,0.0,0.0,0.13156315908395189,0.0,0.15156315908395188
971,0.0,0.0,0.1351053786287717,0.0,0.1551053786287717
972,0.0,0.0,0.13535231443378593,0.0,0.15535231443378592
973,0.0,0.0,0.1335826585612499,0.0,0.1535826585612499
974,0.0,0.0,0.1320252110790383,0.0,0.1520252110790383
975,0.0,0.0,0.135947146731649,0.0,0.155947146731649
976,0.0,0.0,0.13511429950867582,0.0,0.1551142995086758
977,0.0,0.0,0.13127784528732594,0.0,0.15127784528732593
978,0.0,0.0,0.1292361753481037,0.0,0.14923617534810368
979,0.0,0.0,0.12961345334102817,0.0,0.14961345334102816
980,0.0,0.0,0.1314224726285831,0.0,0.15142247262858308
981,0.0,0.0,0.13065952709951287,0.0,0.15065952709951286
982,0.0,0.0,0.12990722820187384,0.0,0.14990722820187383
983,0.0,0.0,0.13156089757508488,0.0,0.15156089757508487
984,0.0,0.0,0.1356454763876621,0.0,0.1556454763876621
985,0.0,0.0,0.13749948977945287,0.0,0.15749948977945286
986,0.0,0.0,0.13450360917319493,0.0,0.15450360917319492
987,0.0,0.0,0.13292303564428712,0.0,0.1529230356442871
988,0.0,0.0,0.13291095737877895,0.0,0.15291095737877894
989,0.0,0.0,0.13629050760737388,0.0,0.15629050760737387
990,0.0,0.0,0.13669661685085055,0.0,0.15669661685085054
991,0.0,0.0,0.1326547748263916,0.0,0.1526547748263916
992,0.0,0.0,0.1332171019218821,0.0,0.1532171019218821
993,0.0,0.0,0.13862445695999398,0.0,0.15862445695999397
994,0.0,0.0,0.13821925626165976,0.0,0.15821925626165975
995,0.0,0.0,0.13412546687285337,0.0,0.15412546687285336
996,0.0,0.0,0.13023243607839904,0.0,0.15023243607839903
997,0.0,0.0,0.12929071857816685,0.0,0.14929071857816684
998,0.0,0.0,0.13409990499193572,0.0,0.1540999049919357
999,0.0,0.0,0.13244827016464522,0.0,0.1524482701646452
1000,0.0,0.0,0.1304470749091449,0.0,0.15044707490914488
1001,0.0,0.0,0.13116868276975757,0.0,0.15116868276975756
1002,0.0,0.0,0.13466815261960655,0.0,0.15466815261960654
1003,0.0,0.0,0.13470021557861095,0.0,0.15470021557861094
1004,0.0,0.0,0.13254437906772232,0.0,0.1525443790677223
1005,0.0,0.0,0.13032049131403334,0.0,0.15032049131403333
1006,0.0,0.0,0.13037925778123638,0.0,0.15037925778123637
1007,0.0,0.0,0.11739817895654214,0.0,0.13739817895654213
1008,0.0,0.0,0.08963775481828523,0.0,0.10963775481828524
1009,0.0,0.0,0.05483481993385321,0.0,0.07483481993385321
1010,0.0,0.0,0.024004780776370197,0.0,0.0440047807763702
1011,0.0,0.0,0.009017590696865993,0.0,0.02901759069686599
1012,0.0,0.0,0.0026125767118365035,0.0,0.022612576711836505
1013,0.0,0.0,0.002834215391093776,0.0,0.022834215391093777
1014,0.0,0.0,0.0028328976469166097,0.0,0.02283289764691661
1015,0.0,0.0,0.0027046230220487463,0.0,0.022704623022048745
1016,0.0,0.0,0.002509321140708639,0.0,0.022509321140708638
1017,0.0,0.0,0.0022829721594972226,0.0,0.022282972159497223
1018,0.0,0.0,0.0020442254960194484,0.0,0.02204422549601945
1019,0.0,0.0,0.0,0.0,0.02
1020,0.0,0.0,0.0,0.0,0.02
1021,0.0,0.0,0.0,0.0,0.02
1022,0.0,0.0,0.0,0.0,0.02
1023,0.0,0.0,0.0,0.0,0.02
1024,0.0,0.0,0.0,0.0,0.02
1025,0.0,0.0,0.0,0.0,0.02
1026,0.0,0.0,0.0,0.0,0.02
1027,0.0,0.0,0.0,0.0,0.02
1028,0.0,0.0,0.0,0.0,0.02
